model_name,task,accuracy,precision,recall,f1_score,roc_auc,train_time_s
Logistic Regression,classification,0.6655,0.18453188602442333,0.6666666666666666,0.28905419766206164,0.723748853661732,0.0
Random Forest,classification,0.754,0.2647058823529412,0.7941176470588235,0.39705882352941174,0.818815777981571,0.0
XGBoost,classification,0.7175,0.24324324324324326,0.8382352941176471,0.3770672546857773,0.8195554391021442,0.0
MLP,classification,0.7545,0.2202729044834308,0.553921568627451,0.31520223152022314,0.7334736233023276,0.0
